[
	// Mod Buildings
	{
		"name": "Defense Debuff",
		"cityStrength": -10,
		"cityHealth": -100,
		"uniques": ["Automatically built in all cities where it is buildable","Unsellable","Never destroyed when the city is captured"]
	},
	// Ancient Era
	{
		"name": "Walls",
		"cityStrength": 5,
		"cityHealth": 100,
		"hurryCostModifier": 25,
		"requiredTech": "Masonry",
		"uniques": ["Destroyed when the city is captured"]
	},
	{
		"name": "Walls of Babylon",
		"replaces": "Walls",
		"cost": 65,
		"uniqueTo": "Babylon",
		"cityStrength": 6,
		"cityHealth": 150,
		"hurryCostModifier": 25,
		"requiredTech": "Masonry",
		"uniques": ["Destroyed when the city is captured"]
	},
]
